<?xml version="1.0" encoding="utf-8"?>
<manifest xmlns="http://www.5kym.com" versionCode="0.6,0.7,0.8,1.0">
	<application setting="false">
		<name><![CDATA[万能小店酒店服务]]></name>
		<identifie><![CDATA[wn_storex_plugin_hotel_service]]></identifie>
		<version><![CDATA[1.1]]></version>
		<type><![CDATA[business]]></type>
		<ability><![CDATA[万能小店酒店服务插件]]></ability>
		<description><![CDATA[万能小店酒店服务插件]]></description>
		<author><![CDATA[悟空源码社区]]></author>
		<url><![CDATA[http://www.5kym.com]]></url>
	</application>
	<platform>
		<subscribes>
		</subscribes>
		<handles>
		</handles>
		<rule embed="false" />
		<card embed="false" />
		
	</platform>
	<bindings>
		<cover>
			<entry title="用户服务入口" do="hotelservice" state="" direct="false" />
		</cover>
		<menu>
			<entry title="WIFI管理" do="wifimanage" state="" direct="false" />
			<entry title="电话管理" do="telmanage" state="" direct="false" />
			<entry title="客房管理" do="roommanage" state="" direct="false" />
		</menu>
	</bindings>
	<permissions>
	</permissions>
	<install><![CDATA[inc/heirui/install.php]]></install>
	<uninstall><![CDATA[inc/heirui/uninstall.php]]></uninstall>
	<upgrade><![CDATA[inc/heirui/update.php]]></upgrade>
</manifest>