﻿<?xml version="1.0" encoding="utf-8"?>
<manifest xmlns="http://www.5 kym.com" versionCode="0.6">
	<application setting="false">
		<name><![CDATA[万能小店]]></name>
		<identifie><![CDATA[wn_storex]]></identifie>
		<version><![CDATA[1.2.9]]></version>
		<type><![CDATA[business]]></type>
		<ability><![CDATA[万能小店]]></ability>
		<description><![CDATA[万能小店]]></description>
		<author><![CDATA[悟空源码网]]></author>
		<url><![CDATA[www.5 kym.com]]></url>
	</application>
	<platform>
		<subscribes>
			<message type="user_get_card" />
			<message type="user_del_card" />
			<message type="user_consume_card" />
		</subscribes>
		<handles>
			<message type="text" />
		</handles>
		<rule embed="false" />
		<card embed="false" />
		<supports>
		</supports>
	</platform>
	<bindings>
		<cover>
			<entry title="万能小店入口设置" do="display" state="" direct="true" />
		</cover>
		<menu>
			<entry title="店铺管理" do="storemanage" state="" direct="true" />
			<entry title="商品分类" do="goodscategory" state="" direct="true" />
			<entry title="商品管理" do="goodsmanage" state="" direct="true" />
			<entry title="品牌管理" do="brand" state="" direct="true" />
			<entry title="商圈管理" do="business" state="" direct="true" />
			<entry title="用户管理" do="member" state="" direct="true" />
			<entry title="店员管理" do="clerk" state="" direct="true" />
			<entry title="订单管理" do="order" state="" direct="true" />
			<entry title="基本设置" do="hotelset" state="" direct="true" />
			<entry title="扩展功能" do="extend" state="" direct="true" />
		</menu>
	</bindings>
	<install><![CDATA[CREATE TABLE IF NOT EXISTS `ims_storex_activity_clerk_menu` (
  `id` int(11) NOT NULL AUTO_INCREMENT,
  `uniacid` int(11) NOT NULL,
  `displayorder` int(4) NOT NULL,
  `pid` int(6) NOT NULL,
  `group_name` varchar(20) NOT NULL,
  `title` varchar(20) NOT NULL,
  `icon` varchar(50) NOT NULL,
  `url` varchar(200) NOT NULL,
  `type` varchar(20) NOT NULL,
  `permission` varchar(50) NOT NULL,
  `system` int(2) NOT NULL DEFAULT '0',
  PRIMARY KEY (`id`)
) ENGINE=InnoDB DEFAULT CHARSET=utf8;
CREATE TABLE IF NOT EXISTS `ims_storex_activity_clerks` (
  `id` int(10) unsigned NOT NULL AUTO_INCREMENT,
  `uniacid` int(10) unsigned NOT NULL,
  `uid` int(10) unsigned NOT NULL DEFAULT '0' COMMENT '关联users表uid',
  `storeid` int(10) unsigned NOT NULL DEFAULT '0',
  `name` varchar(20) NOT NULL,
  `password` varchar(20) NOT NULL,
  `mobile` varchar(20) NOT NULL,
  `openid` varchar(50) NOT NULL,
  `nickname` varchar(30) NOT NULL,
  PRIMARY KEY (`id`),
  KEY `uniacid` (`uniacid`),
  KEY `password` (`password`),
  KEY `openid` (`openid`)
) ENGINE=InnoDB DEFAULT CHARSET=utf8;
CREATE TABLE IF NOT EXISTS `ims_storex_activity_exchange` (
  `id` int(10) unsigned NOT NULL AUTO_INCREMENT,
  `uniacid` int(11) NOT NULL,
  `title` varchar(100) NOT NULL COMMENT '物品名称',
  `description` text NOT NULL COMMENT '描述信息',
  `thumb` varchar(500) NOT NULL COMMENT '缩略图',
  `type` tinyint(1) unsigned NOT NULL COMMENT '物品类型，1系统卡券，2微信呢卡券，3实物，4虚拟物品(未启用)，5营销模块操作次数',
  `extra` varchar(3000) NOT NULL DEFAULT '' COMMENT '兑换产品属性 卡券自增id',
  `credit` int(10) unsigned NOT NULL COMMENT '兑换积分数量',
  `credittype` varchar(10) NOT NULL COMMENT '兑换积分类型',
  `pretotal` int(11) NOT NULL COMMENT '每个人最大兑换次数',
  `num` int(11) NOT NULL COMMENT '已兑换礼品数量',
  `total` int(10) unsigned NOT NULL DEFAULT '0' COMMENT '总量',
  `status` tinyint(3) unsigned NOT NULL DEFAULT '1' COMMENT '状态',
  `starttime` int(10) unsigned NOT NULL,
  `endtime` int(10) NOT NULL,
  PRIMARY KEY (`id`),
  KEY `extra` (`extra`(255))
) ENGINE=InnoDB DEFAULT CHARSET=utf8;
CREATE TABLE IF NOT EXISTS `ims_storex_activity_stores` (
  `id` int(10) unsigned NOT NULL AUTO_INCREMENT,
  `uniacid` int(10) unsigned NOT NULL,
  `business_name` varchar(50) NOT NULL,
  `branch_name` varchar(50) NOT NULL,
  `category` varchar(255) NOT NULL,
  `province` varchar(15) NOT NULL,
  `city` varchar(15) NOT NULL,
  `district` varchar(15) NOT NULL,
  `address` varchar(50) NOT NULL,
  `longitude` varchar(15) NOT NULL,
  `latitude` varchar(15) NOT NULL,
  `telephone` varchar(20) NOT NULL,
  `photo_list` varchar(10000) NOT NULL,
  `avg_price` int(10) unsigned NOT NULL,
  `recommend` varchar(255) NOT NULL,
  `special` varchar(255) NOT NULL,
  `introduction` varchar(255) NOT NULL,
  `open_time` varchar(50) NOT NULL,
  `location_id` int(10) unsigned NOT NULL,
  `status` tinyint(3) unsigned NOT NULL COMMENT '1 审核通过 2 审核中 3审核未通过',
  `source` tinyint(3) unsigned NOT NULL DEFAULT '1' COMMENT '1为系统门店，2为微信门店',
  `message` varchar(500) NOT NULL,
  `store_base_id` int(11) NOT NULL COMMENT '普通店铺添加为微信门店',
  PRIMARY KEY (`id`),
  KEY `uniacid` (`uniacid`),
  KEY `location_id` (`location_id`)
) ENGINE=InnoDB DEFAULT CHARSET=utf8;
CREATE TABLE IF NOT EXISTS `ims_storex_bases` (
  `id` int(11) NOT NULL AUTO_INCREMENT,
  `weid` int(11) DEFAULT '0',
  `title` varchar(255) DEFAULT '',
  `lng` decimal(10,6) DEFAULT '0.000000',
  `lat` decimal(10,6) DEFAULT '0.000000',
  `address` varchar(255) DEFAULT '',
  `location_p` varchar(50) DEFAULT '',
  `location_c` varchar(50) DEFAULT '',
  `location_a` varchar(50) DEFAULT '',
  `status` int(11) DEFAULT '0',
  `phone` varchar(255) DEFAULT '',
  `mail` varchar(255) DEFAULT '',
  `thumb` varchar(255) DEFAULT '',
  `thumborder` varchar(255) DEFAULT '',
  `description` text,
  `content` text,
  `store_info` text COMMENT '关于我们',
  `traffic` text,
  `thumbs` text,
  `detail_thumbs` text COMMENT '详情页图片',
  `displayorder` int(11) DEFAULT '0',
  `integral_rate` int(11) NOT NULL DEFAULT '0' COMMENT '在该店铺消费返积分的比例',
  `store_type` int(8) NOT NULL DEFAULT '0' COMMENT '店铺类型',
  `extend_table` varchar(50) NOT NULL COMMENT '该店铺对应的扩张表',
  `timestart` varchar(50) NOT NULL DEFAULT '0' COMMENT '运营开始时间',
  `timeend` varchar(50) NOT NULL DEFAULT '0' COMMENT '运营结束时间',
  `distance` int(11) NOT NULL COMMENT '配送距离',
  `category_set` tinyint(4) NOT NULL DEFAULT '1' COMMENT '分类开启设置1开启，2关闭',
  `skin_style` varchar(48) NOT NULL DEFAULT 'display' COMMENT '皮肤选择',
  PRIMARY KEY (`id`),
  KEY `indx_weid` (`weid`)
) ENGINE=MyISAM  DEFAULT CHARSET=utf8;
CREATE TABLE IF NOT EXISTS `ims_storex_brand` (
  `id` int(11) NOT NULL AUTO_INCREMENT,
  `weid` int(11) DEFAULT '0',
  `title` varchar(255) DEFAULT '',
  `displayorder` int(11) DEFAULT '0',
  `status` int(11) DEFAULT '0',
  PRIMARY KEY (`id`),
  KEY `indx_weid` (`weid`),
  KEY `indx_displayorder` (`displayorder`)
) ENGINE=MyISAM DEFAULT CHARSET=utf8;
CREATE TABLE IF NOT EXISTS `ims_storex_business` (
  `id` int(11) NOT NULL AUTO_INCREMENT,
  `weid` int(11) DEFAULT '0',
  `title` varchar(255) DEFAULT '',
  `location_p` varchar(255) DEFAULT '',
  `location_c` varchar(255) DEFAULT '',
  `location_a` varchar(255) DEFAULT '',
  `displayorder` int(11) DEFAULT '0',
  `status` int(11) DEFAULT '0',
  PRIMARY KEY (`id`),
  KEY `indx_weid` (`weid`)
) ENGINE=MyISAM DEFAULT CHARSET=utf8;
CREATE TABLE IF NOT EXISTS `ims_storex_categorys` (
  `id` int(10) unsigned NOT NULL AUTO_INCREMENT,
  `weid` int(10) unsigned NOT NULL DEFAULT '0' COMMENT '所属帐号',
  `name` varchar(50) NOT NULL COMMENT '分类名称',
  `thumb` varchar(255) NOT NULL COMMENT '分类图片',
  `store_base_id` int(11) NOT NULL COMMENT '该分类属于哪个店铺的',
  `parentid` int(10) unsigned NOT NULL DEFAULT '0' COMMENT '上级分类ID,0为第一级',
  `isrecommand` int(10) DEFAULT '0',
  `description` varchar(500) NOT NULL COMMENT '分类介绍',
  `displayorder` tinyint(3) unsigned NOT NULL DEFAULT '0' COMMENT '排序',
  `enabled` tinyint(1) unsigned NOT NULL DEFAULT '1' COMMENT '是否开启',
  `category_type` tinyint(2) NOT NULL DEFAULT '1' COMMENT '分类类型 1 酒店，2,普通',
  PRIMARY KEY (`id`)
) ENGINE=MyISAM  DEFAULT CHARSET=utf8;
CREATE TABLE IF NOT EXISTS `ims_storex_clerk` (
  `id` int(11) NOT NULL AUTO_INCREMENT,
  `weid` int(11) DEFAULT '0',
  `userid` varchar(50) DEFAULT '',
  `from_user` varchar(50) DEFAULT '',
  `realname` varchar(255) DEFAULT '',
  `mobile` varchar(255) DEFAULT '',
  `score` int(11) DEFAULT '0' COMMENT '积分',
  `createtime` int(11) DEFAULT '0',
  `userbind` int(11) DEFAULT '0',
  `status` int(11) DEFAULT '0',
  `username` varchar(30) DEFAULT '' COMMENT '用户名',
  `password` varchar(200) DEFAULT '' COMMENT '密码',
  `salt` varchar(8) NOT NULL DEFAULT '' COMMENT '加密盐',
  `nickname` varchar(255) NOT NULL DEFAULT '',
  `permission` text NOT NULL COMMENT '店员权限',
  PRIMARY KEY (`id`),
  KEY `indx_weid` (`weid`)
) ENGINE=MyISAM DEFAULT CHARSET=utf8;
CREATE TABLE IF NOT EXISTS `ims_storex_code` (
  `id` int(10) unsigned NOT NULL AUTO_INCREMENT,
  `weid` int(10) unsigned NOT NULL,
  `openid` varchar(50) NOT NULL,
  `code` varchar(6) NOT NULL,
  `mobile` varchar(11) NOT NULL,
  `total` tinyint(3) unsigned NOT NULL,
  `status` tinyint(1) unsigned NOT NULL DEFAULT '0',
  `createtime` int(10) unsigned NOT NULL,
  PRIMARY KEY (`id`),
  KEY `openid` (`openid`)
) ENGINE=MyISAM DEFAULT CHARSET=utf8;
CREATE TABLE IF NOT EXISTS `ims_storex_comment` (
  `id` int(11) NOT NULL AUTO_INCREMENT,
  `uniacid` int(11) DEFAULT '0',
  `hotelid` int(11) DEFAULT '0',
  `uid` int(11) DEFAULT '0',
  `createtime` int(11) DEFAULT '0',
  `comment` varchar(255) DEFAULT '',
  `goodsid` int(11) NOT NULL COMMENT '评论商品的id',
  `comment_level` tinyint(11) NOT NULL COMMENT '评论商品的级别',
  PRIMARY KEY (`id`)
) ENGINE=MyISAM DEFAULT CHARSET=utf8;
CREATE TABLE IF NOT EXISTS `ims_storex_comment_clerk` (
  `id` int(11) NOT NULL AUTO_INCREMENT,
  `uniacid` int(11) DEFAULT '0',
  `hotelid` int(11) DEFAULT '0',
  `orderid` int(25) DEFAULT '0',
  `createtime` int(11) DEFAULT '0',
  `comment` varchar(255) DEFAULT '',
  `clerkid` int(11) DEFAULT '0',
  `realname` varchar(20) DEFAULT NULL,
  `grade` int(11) DEFAULT NULL,
  PRIMARY KEY (`id`)
) ENGINE=MyISAM DEFAULT CHARSET=utf8;
CREATE TABLE IF NOT EXISTS `ims_storex_coupon` (
  `id` int(10) unsigned NOT NULL AUTO_INCREMENT,
  `uniacid` int(10) unsigned NOT NULL DEFAULT '0',
  `acid` int(10) unsigned NOT NULL DEFAULT '0',
  `card_id` varchar(50) NOT NULL,
  `type` varchar(15) NOT NULL COMMENT '卡券类型',
  `logo_url` varchar(150) NOT NULL,
  `code_type` tinyint(3) unsigned NOT NULL DEFAULT '1' COMMENT 'code类型（二维码/条形码/code码）',
  `brand_name` varchar(15) NOT NULL COMMENT '商家名称',
  `title` varchar(15) NOT NULL,
  `sub_title` varchar(20) NOT NULL,
  `color` varchar(15) NOT NULL,
  `notice` varchar(15) NOT NULL COMMENT '使用说明',
  `description` varchar(1000) NOT NULL,
  `date_info` varchar(200) NOT NULL COMMENT '使用期限',
  `quantity` int(10) unsigned NOT NULL DEFAULT '0' COMMENT '总库存',
  `use_custom_code` tinyint(3) NOT NULL DEFAULT '0',
  `bind_openid` tinyint(3) unsigned NOT NULL DEFAULT '0',
  `can_share` tinyint(3) unsigned NOT NULL DEFAULT '1' COMMENT '是否可分享',
  `can_give_friend` tinyint(3) unsigned NOT NULL DEFAULT '1' COMMENT '是否可转赠给朋友',
  `get_limit` tinyint(3) unsigned NOT NULL DEFAULT '0' COMMENT '每人领取限制',
  `service_phone` varchar(20) NOT NULL,
  `extra` varchar(1000) NOT NULL,
  `status` tinyint(3) unsigned NOT NULL DEFAULT '1' COMMENT '1:审核中,2:未通过,3:已通过,4:卡券被商户删除,5:未知',
  `is_display` tinyint(3) unsigned NOT NULL DEFAULT '1' COMMENT '是否上架',
  `is_selfconsume` tinyint(3) unsigned NOT NULL DEFAULT '0' COMMENT '是否开启自助核销',
  `promotion_url_name` varchar(10) NOT NULL,
  `promotion_url` varchar(100) NOT NULL,
  `promotion_url_sub_title` varchar(10) NOT NULL,
  `source` tinyint(3) unsigned NOT NULL DEFAULT '2' COMMENT '来源，1是系统，2是微信',
  `dosage` int(10) unsigned DEFAULT '0' COMMENT '已领取数量',
  PRIMARY KEY (`id`),
  KEY `uniacid` (`uniacid`,`acid`),
  KEY `card_id` (`card_id`)
) ENGINE=InnoDB DEFAULT CHARSET=utf8;
CREATE TABLE IF NOT EXISTS `ims_storex_coupon_activity` (
  `id` int(10) unsigned NOT NULL AUTO_INCREMENT,
  `uniacid` int(10) NOT NULL,
  `msg_id` int(10) NOT NULL DEFAULT '0',
  `status` int(10) NOT NULL DEFAULT '1',
  `title` varchar(255) NOT NULL DEFAULT '',
  `type` int(3) NOT NULL DEFAULT '0' COMMENT '1 发送系统卡券 2发送微信卡券',
  `thumb` varchar(255) NOT NULL DEFAULT '',
  `coupons` int(11) NOT NULL COMMENT '选择派发的卡券的id',
  `description` varchar(255) NOT NULL DEFAULT '‘’',
  `members` varchar(255) NOT NULL DEFAULT '',
  PRIMARY KEY (`id`)
) ENGINE=InnoDB DEFAULT CHARSET=utf8;
CREATE TABLE IF NOT EXISTS `ims_storex_coupon_record` (
  `id` int(10) unsigned NOT NULL AUTO_INCREMENT,
  `uniacid` int(10) unsigned NOT NULL,
  `acid` int(10) unsigned NOT NULL,
  `card_id` varchar(50) NOT NULL,
  `openid` varchar(50) NOT NULL,
  `friend_openid` varchar(50) NOT NULL,
  `givebyfriend` tinyint(3) unsigned NOT NULL,
  `code` varchar(50) NOT NULL,
  `hash` varchar(32) NOT NULL,
  `addtime` int(10) unsigned NOT NULL,
  `usetime` int(10) unsigned NOT NULL,
  `status` tinyint(3) NOT NULL,
  `clerk_name` varchar(15) NOT NULL,
  `clerk_id` int(10) unsigned NOT NULL,
  `store_id` int(10) unsigned NOT NULL,
  `clerk_type` tinyint(3) unsigned NOT NULL,
  `couponid` int(10) unsigned NOT NULL,
  `uid` int(10) unsigned NOT NULL,
  `grantmodule` varchar(255) NOT NULL,
  `remark` varchar(255) NOT NULL,
  `granttype` tinyint(4) NOT NULL COMMENT '获取卡券的方式：1 兑换，2 扫码',
  PRIMARY KEY (`id`),
  KEY `uniacid` (`uniacid`,`acid`),
  KEY `card_id` (`card_id`),
  KEY `hash` (`hash`)
) ENGINE=InnoDB DEFAULT CHARSET=utf8;
CREATE TABLE IF NOT EXISTS `ims_storex_coupon_store` (
  `id` int(10) unsigned NOT NULL AUTO_INCREMENT,
  `uniacid` int(10) NOT NULL,
  `couponid` varchar(255) NOT NULL DEFAULT '',
  `storeid` int(10) unsigned NOT NULL DEFAULT '0',
  PRIMARY KEY (`id`),
  KEY `couponid` (`couponid`)
) ENGINE=InnoDB DEFAULT CHARSET=utf8;
CREATE TABLE IF NOT EXISTS `ims_storex_goods` (
  `id` int(11) NOT NULL AUTO_INCREMENT,
  `store_base_id` int(11) DEFAULT '0',
  `weid` int(11) DEFAULT '0',
  `pcate` int(10) unsigned NOT NULL DEFAULT '0',
  `ccate` int(10) unsigned NOT NULL DEFAULT '0',
  `title` varchar(255) DEFAULT '',
  `thumb` varchar(255) DEFAULT '',
  `oprice` decimal(10,2) DEFAULT '0.00',
  `cprice` decimal(10,2) DEFAULT '0.00',
  `mprice` varchar(255) NOT NULL DEFAULT '',
  `thumbs` text,
  `device` text,
  `reserve_device` text COMMENT '预定说明',
  `status` int(11) DEFAULT '0',
  `sales` text,
  `can_reserve` int(11) NOT NULL DEFAULT '1' COMMENT '预定设置',
  `can_buy` int(11) NOT NULL DEFAULT '1' COMMENT '购买设置',
  `isshow` int(11) DEFAULT '0',
  `score` int(11) DEFAULT '0' COMMENT '购买商品积分',
  `sortid` int(11) DEFAULT '0',
  `sold_num` int(11) NOT NULL DEFAULT '0' COMMENT '已售的数量',
  `store_type` int(8) NOT NULL DEFAULT '0',
  PRIMARY KEY (`id`),
  KEY `indx_weid` (`weid`)
) ENGINE=MyISAM  DEFAULT CHARSET=utf8;
CREATE TABLE IF NOT EXISTS `ims_storex_hotel` (
  `id` int(11) NOT NULL AUTO_INCREMENT,
  `store_base_id` int(11) NOT NULL COMMENT '店铺基表对应的id',
  `weid` int(11) DEFAULT '0',
  `ordermax` int(11) DEFAULT '0',
  `numsmax` int(11) DEFAULT '0',
  `daymax` int(11) DEFAULT '0',
  `roomcount` int(11) DEFAULT '0',
  `sales` text,
  `level` int(11) DEFAULT '0',
  `device` text,
  `brandid` int(11) DEFAULT '0',
  `businessid` int(11) DEFAULT '0',
  PRIMARY KEY (`id`),
  KEY `indx_weid` (`weid`)
) ENGINE=MyISAM DEFAULT CHARSET=utf8;
CREATE TABLE IF NOT EXISTS `ims_storex_mc_card` (
  `id` int(10) unsigned NOT NULL AUTO_INCREMENT,
  `uniacid` int(10) unsigned NOT NULL,
  `title` varchar(100) NOT NULL DEFAULT '' COMMENT '会员卡名称',
  `color` varchar(255) NOT NULL DEFAULT '' COMMENT '会员卡字颜色',
  `background` varchar(255) NOT NULL DEFAULT '' COMMENT '背景设置',
  `logo` varchar(255) NOT NULL DEFAULT '' COMMENT 'logo图片',
  `format_type` tinyint(3) unsigned NOT NULL DEFAULT '0' COMMENT '是否用手机号作为会员卡号',
  `format` varchar(50) NOT NULL DEFAULT '' COMMENT '会员卡卡号规则',
  `description` varchar(512) NOT NULL DEFAULT '' COMMENT '会员卡说明',
  `fields` varchar(1000) NOT NULL DEFAULT '' COMMENT '会员卡资料',
  `snpos` int(11) NOT NULL DEFAULT '0',
  `status` tinyint(1) NOT NULL DEFAULT '1' COMMENT '是否启用1:启用0:关闭',
  `business` text NOT NULL,
  `discount_type` tinyint(3) unsigned NOT NULL DEFAULT '1' COMMENT '折扣类型.1:满减,2:折扣',
  `discount` varchar(3000) NOT NULL DEFAULT '' COMMENT '各个会员组的优惠详情',
  `grant` varchar(3000) NOT NULL COMMENT '领卡赠送:积分,余额,优惠券',
  `grant_rate` varchar(20) NOT NULL DEFAULT '0' COMMENT '消费返积分比率',
  `offset_rate` int(10) unsigned NOT NULL DEFAULT '0' COMMENT '积分抵现比例',
  `offset_max` int(10) NOT NULL DEFAULT '0' COMMENT '每单最多可抵现金数量',
  `nums_status` tinyint(3) unsigned NOT NULL DEFAULT '0' COMMENT '计次是否开启，0为关闭，1为开启',
  `nums_text` varchar(15) NOT NULL COMMENT '计次名称',
  `nums` varchar(1000) NOT NULL DEFAULT '' COMMENT '计次规则',
  `times_status` tinyint(3) unsigned NOT NULL DEFAULT '0' COMMENT '计时是否开启，0为关闭，1为开启',
  `times_text` varchar(15) NOT NULL COMMENT '计时名称',
  `times` varchar(1000) NOT NULL DEFAULT '' COMMENT '计时规则',
  `params` longtext NOT NULL,
  `html` longtext NOT NULL,
  `recommend_status` tinyint(3) unsigned NOT NULL DEFAULT '0',
  `sign_status` tinyint(3) unsigned NOT NULL DEFAULT '0' COMMENT '签到功能是否开启，0为关闭，1为开启',
  `brand_name` varchar(128) NOT NULL DEFAULT '' COMMENT '商户名字,',
  `notice` varchar(48) NOT NULL DEFAULT '' COMMENT '卡券使用提醒',
  `quantity` int(10) NOT NULL DEFAULT '0' COMMENT '会员卡库存',
  `max_increase_bonus` int(10) NOT NULL DEFAULT '0' COMMENT '用户单次可获取的积分上限',
  `least_money_to_use_bonus` int(10) NOT NULL DEFAULT '0' COMMENT '抵扣条件',
  `source` int(1) NOT NULL DEFAULT '1' COMMENT '1.系统会员卡，2微信会员卡',
  `card_id` varchar(250) NOT NULL DEFAULT '',
  PRIMARY KEY (`id`),
  KEY `uniacid` (`uniacid`)
) ENGINE=InnoDB DEFAULT CHARSET=utf8;
CREATE TABLE IF NOT EXISTS `ims_storex_mc_card_members` (
  `id` int(10) unsigned NOT NULL AUTO_INCREMENT,
  `uniacid` int(10) unsigned NOT NULL,
  `uid` int(10) DEFAULT NULL,
  `openid` varchar(50) NOT NULL,
  `cid` int(10) NOT NULL DEFAULT '0',
  `cardsn` varchar(20) NOT NULL DEFAULT '',
  `mobile` varchar(11) NOT NULL COMMENT '注册手机号',
  `email` varchar(50) NOT NULL COMMENT '邮箱',
  `realname` varchar(255) NOT NULL COMMENT '真实姓名',
  `status` tinyint(1) NOT NULL,
  `createtime` int(10) unsigned NOT NULL,
  `nums` int(10) unsigned NOT NULL DEFAULT '0',
  `endtime` int(10) unsigned NOT NULL DEFAULT '0',
  `fields` varchar(2500) NOT NULL COMMENT '扩展的信息',
  PRIMARY KEY (`id`)
) ENGINE=InnoDB DEFAULT CHARSET=utf8;
CREATE TABLE IF NOT EXISTS `ims_storex_mc_card_record` (
  `id` int(10) unsigned NOT NULL AUTO_INCREMENT,
  `uniacid` int(10) unsigned NOT NULL DEFAULT '0',
  `uid` int(10) unsigned NOT NULL DEFAULT '0',
  `type` varchar(15) NOT NULL,
  `model` tinyint(3) unsigned NOT NULL DEFAULT '1' COMMENT '1：充值，2：消费',
  `fee` decimal(10,2) unsigned NOT NULL DEFAULT '0.00' COMMENT '充值金额',
  `tag` varchar(10) NOT NULL COMMENT '次数|时长|充值金额',
  `note` varchar(255) NOT NULL,
  `remark` varchar(200) NOT NULL COMMENT '备注，只有管理员可以看',
  `addtime` int(10) unsigned NOT NULL DEFAULT '0',
  PRIMARY KEY (`id`),
  KEY `uniacid` (`uniacid`),
  KEY `uid` (`uid`),
  KEY `addtime` (`addtime`)
) ENGINE=InnoDB DEFAULT CHARSET=utf8;
CREATE TABLE IF NOT EXISTS `ims_storex_mc_member_property` (
  `id` int(10) unsigned NOT NULL AUTO_INCREMENT,
  `uniacid` int(11) NOT NULL,
  `property` varchar(200) NOT NULL DEFAULT '' COMMENT '当前公众号用户属性',
  PRIMARY KEY (`id`)
) ENGINE=InnoDB DEFAULT CHARSET=utf8;
CREATE TABLE IF NOT EXISTS `ims_storex_member` (
  `id` int(11) NOT NULL AUTO_INCREMENT,
  `weid` int(11) DEFAULT '0',
  `userid` varchar(50) DEFAULT '',
  `from_user` varchar(50) DEFAULT '',
  `realname` varchar(255) DEFAULT '',
  `mobile` varchar(255) DEFAULT '',
  `score` int(11) DEFAULT '0' COMMENT '积分',
  `createtime` int(11) DEFAULT '0',
  `userbind` int(11) DEFAULT '0',
  `status` int(11) DEFAULT '0',
  `clerk` varchar(32) NOT NULL DEFAULT '',
  `username` varchar(30) DEFAULT '' COMMENT '用户名',
  `password` varchar(200) DEFAULT '' COMMENT '密码',
  `salt` varchar(8) NOT NULL DEFAULT '' COMMENT '加密盐',
  `islogin` tinyint(3) NOT NULL DEFAULT '0',
  `isauto` tinyint(1) NOT NULL DEFAULT '0' COMMENT '自动添加，0否，1是',
  `nickname` varchar(255) NOT NULL DEFAULT '',
  PRIMARY KEY (`id`),
  KEY `indx_weid` (`weid`)
) ENGINE=MyISAM DEFAULT CHARSET=utf8;
CREATE TABLE IF NOT EXISTS `ims_storex_notices` (
  `id` int(10) unsigned NOT NULL AUTO_INCREMENT,
  `uniacid` int(10) unsigned NOT NULL DEFAULT '0',
  `uid` int(10) unsigned NOT NULL DEFAULT '0',
  `type` tinyint(3) unsigned NOT NULL DEFAULT '1' COMMENT '1:公共消息，2:个人消息',
  `title` varchar(30) NOT NULL,
  `thumb` varchar(100) NOT NULL,
  `groupid` int(10) unsigned NOT NULL DEFAULT '0' COMMENT '通知会员组。默认为所有会员',
  `content` text NOT NULL,
  `addtime` int(10) unsigned NOT NULL DEFAULT '0',
  PRIMARY KEY (`id`),
  KEY `uniacid` (`uniacid`),
  KEY `uid` (`uid`)
) ENGINE=InnoDB DEFAULT CHARSET=utf8;
CREATE TABLE IF NOT EXISTS `ims_storex_notices_unread` (
  `id` int(10) unsigned NOT NULL AUTO_INCREMENT,
  `uniacid` int(10) unsigned NOT NULL DEFAULT '0',
  `notice_id` int(10) unsigned NOT NULL DEFAULT '0',
  `uid` int(10) unsigned NOT NULL DEFAULT '0',
  `is_new` tinyint(3) unsigned NOT NULL DEFAULT '1',
  `type` tinyint(3) unsigned NOT NULL DEFAULT '1' COMMENT '1:公共通知，2：个人通知',
  PRIMARY KEY (`id`),
  KEY `uniacid` (`uniacid`),
  KEY `uid` (`uid`),
  KEY `notice_id` (`notice_id`)
) ENGINE=InnoDB DEFAULT CHARSET=utf8;
CREATE TABLE IF NOT EXISTS `ims_storex_order` (
  `id` int(11) NOT NULL AUTO_INCREMENT,
  `weid` int(11) DEFAULT '0',
  `hotelid` int(11) DEFAULT '0',
  `roomid` int(11) DEFAULT '0',
  `memberid` int(11) DEFAULT '0',
  `openid` varchar(255) DEFAULT '',
  `name` varchar(255) DEFAULT '',
  `mobile` varchar(255) DEFAULT '',
  `remark` varchar(255) DEFAULT '',
  `btime` int(11) DEFAULT '0',
  `etime` int(11) DEFAULT '0',
  `style` varchar(255) DEFAULT '',
  `nums` int(11) DEFAULT '0',
  `oprice` decimal(10,2) DEFAULT '0.00',
  `cprice` decimal(10,2) DEFAULT '0.00',
  `mprice` decimal(10,2) DEFAULT '0.00',
  `info` text,
  `time` int(11) DEFAULT '0',
  `status` int(11) DEFAULT '0',
  `mode_distribute` int(11) NOT NULL COMMENT '配送方式  1自提 ，2配送',
  `order_time` int(11) NOT NULL DEFAULT '0' COMMENT '自提是自提时间，配送是配送时间',
  `addressid` int(11) NOT NULL COMMENT '配送选择的地址id',
  `goods_status` int(11) NOT NULL COMMENT '货物状态：1未发送，2已发送，3已收货',
  `paytype` int(11) DEFAULT '0',
  `action` int(11) NOT NULL DEFAULT '2' COMMENT '1预定  2购买',
  `paystatus` int(11) DEFAULT '0',
  `comment` int(3) NOT NULL DEFAULT '0',
  `msg` text,
  `mngtime` int(11) DEFAULT '0',
  `contact_name` varchar(30) NOT NULL DEFAULT '' COMMENT '联系人',
  `day` tinyint(2) NOT NULL DEFAULT '0' COMMENT '住几晚',
  `sum_price` decimal(10,2) DEFAULT '0.00',
  `ordersn` varchar(30) DEFAULT '',
  `clerkcomment` int(11) DEFAULT '0',
  `track_number` varchar(64) NOT NULL COMMENT '物流单号',
  `express_name` varchar(50) NOT NULL COMMENT '物流类型',
  `coupon` int(11) NOT NULL COMMENT '使用卡券信息',
  PRIMARY KEY (`id`),
  KEY `indx_hotelid` (`hotelid`),
  KEY `indx_weid` (`weid`),
  KEY `indx_roomid` (`roomid`),
  KEY `indx_memberid` (`memberid`)
) ENGINE=MyISAM  DEFAULT CHARSET=utf8;
CREATE TABLE IF NOT EXISTS `ims_storex_paycenter_order` (
  `id` int(10) unsigned NOT NULL AUTO_INCREMENT,
  `uniacid` int(10) unsigned NOT NULL DEFAULT '0',
  `uid` int(10) unsigned NOT NULL DEFAULT '0',
  `pid` int(10) unsigned NOT NULL DEFAULT '0',
  `clerk_id` int(10) unsigned NOT NULL DEFAULT '0',
  `store_id` int(10) unsigned NOT NULL DEFAULT '0',
  `clerk_type` tinyint(3) unsigned NOT NULL DEFAULT '2',
  `uniontid` varchar(40) NOT NULL,
  `transaction_id` varchar(40) NOT NULL,
  `type` varchar(10) NOT NULL COMMENT '支付方式',
  `trade_type` varchar(10) NOT NULL COMMENT '支付类型:刷卡支付,扫描支付',
  `body` varchar(255) NOT NULL COMMENT '商品信息',
  `fee` varchar(15) NOT NULL COMMENT '商品费用',
  `final_fee` decimal(10,2) unsigned NOT NULL DEFAULT '0.00' COMMENT '优惠后应付价格',
  `credit1` int(10) unsigned NOT NULL DEFAULT '0' COMMENT '抵消积分',
  `credit1_fee` decimal(10,2) unsigned NOT NULL DEFAULT '0.00' COMMENT '积分抵消金额',
  `credit2` decimal(10,2) unsigned NOT NULL DEFAULT '0.00' COMMENT '余额支付金额',
  `cash` decimal(10,2) unsigned NOT NULL DEFAULT '0.00' COMMENT '线上支付金额',
  `remark` varchar(255) NOT NULL,
  `auth_code` varchar(30) NOT NULL,
  `openid` varchar(50) NOT NULL,
  `nickname` varchar(50) NOT NULL COMMENT '付款人',
  `follow` tinyint(3) unsigned NOT NULL DEFAULT '0' COMMENT '是否关注公众号',
  `status` tinyint(3) unsigned NOT NULL DEFAULT '0' COMMENT '线上支付状态',
  `credit_status` tinyint(3) unsigned NOT NULL DEFAULT '0' COMMENT '积分,余额的交易状态.0:未扣除,1:已扣除',
  `paytime` int(10) unsigned NOT NULL DEFAULT '0' COMMENT '支付时间',
  `createtime` int(10) unsigned NOT NULL DEFAULT '0' COMMENT '创建时间',
  PRIMARY KEY (`id`),
  KEY `uniacid` (`uniacid`)
) ENGINE=InnoDB DEFAULT CHARSET=utf8;
CREATE TABLE IF NOT EXISTS `ims_storex_reply` (
  `id` int(11) NOT NULL AUTO_INCREMENT,
  `weid` int(11) NOT NULL,
  `rid` int(11) NOT NULL,
  `hotelid` int(11) NOT NULL,
  PRIMARY KEY (`id`),
  KEY `indx_weid` (`weid`),
  KEY `indx_rid` (`rid`)
) ENGINE=MyISAM DEFAULT CHARSET=utf8;
CREATE TABLE IF NOT EXISTS `ims_storex_room` (
  `id` int(11) NOT NULL AUTO_INCREMENT,
  `hotelid` int(11) DEFAULT '0',
  `weid` int(11) DEFAULT '0',
  `pcate` int(10) unsigned NOT NULL DEFAULT '0' COMMENT '一级分类id',
  `ccate` int(10) unsigned NOT NULL DEFAULT '0' COMMENT '二级分类id',
  `title` varchar(255) DEFAULT '',
  `thumb` varchar(255) DEFAULT '',
  `oprice` decimal(10,2) DEFAULT '0.00',
  `cprice` decimal(10,2) DEFAULT '0.00',
  `mprice` varchar(255) NOT NULL DEFAULT '',
  `thumbs` text,
  `device` text,
  `reserve_device` text COMMENT '预定说明',
  `area` varchar(255) DEFAULT '',
  `floor` varchar(255) DEFAULT '',
  `smoke` varchar(255) DEFAULT '',
  `bed` varchar(255) DEFAULT '',
  `persons` int(11) DEFAULT '0',
  `bedadd` varchar(30) DEFAULT '',
  `status` int(11) DEFAULT '0',
  `can_reserve` int(11) NOT NULL DEFAULT '1' COMMENT '预定设置',
  `can_buy` int(11) NOT NULL DEFAULT '1' COMMENT '购买设置',
  `isshow` int(11) DEFAULT '0',
  `sales` text,
  `displayorder` int(11) DEFAULT '0',
  `area_show` int(11) DEFAULT '0',
  `floor_show` int(11) DEFAULT '0',
  `smoke_show` int(11) DEFAULT '0',
  `bed_show` int(11) DEFAULT '0',
  `persons_show` int(11) DEFAULT '0',
  `bedadd_show` int(11) DEFAULT '0',
  `score` int(11) DEFAULT '0' COMMENT '订房积分',
  `breakfast` tinyint(3) DEFAULT '0' COMMENT '0无早 1单早 2双早',
  `sortid` int(11) NOT NULL DEFAULT '0' COMMENT '房间id，排序时使用',
  `sold_num` int(11) NOT NULL DEFAULT '0' COMMENT '已售的数量',
  `nickname` varchar(255) NOT NULL DEFAULT '',
  `service` decimal(10,2) DEFAULT '0.00',
  `store_type` int(8) NOT NULL DEFAULT '1' COMMENT '所属店铺类型',
  `is_house` int(11) NOT NULL DEFAULT '1' COMMENT '是否是房型 1 是，2不是 ',
  PRIMARY KEY (`id`),
  KEY `indx_hotelid` (`hotelid`),
  KEY `indx_weid` (`weid`)
) ENGINE=MyISAM DEFAULT CHARSET=utf8;
CREATE TABLE IF NOT EXISTS `ims_storex_room_price` (
  `id` int(11) NOT NULL AUTO_INCREMENT,
  `weid` int(11) DEFAULT '0',
  `hotelid` int(11) DEFAULT '0',
  `roomid` int(11) DEFAULT '0',
  `roomdate` int(11) DEFAULT '0',
  `thisdate` varchar(255) NOT NULL DEFAULT '' COMMENT '当天日期',
  `oprice` decimal(10,2) DEFAULT '0.00',
  `cprice` decimal(10,2) DEFAULT '0.00',
  `mprice` decimal(10,2) DEFAULT '0.00',
  `num` varchar(255) DEFAULT '-1',
  `status` int(11) DEFAULT '1',
  PRIMARY KEY (`id`),
  KEY `indx_weid` (`weid`),
  KEY `indx_hotelid` (`hotelid`),
  KEY `indx_roomid` (`roomid`),
  KEY `indx_roomdate` (`roomdate`)
) ENGINE=MyISAM DEFAULT CHARSET=utf8;
CREATE TABLE IF NOT EXISTS `ims_storex_set` (
  `id` int(11) NOT NULL AUTO_INCREMENT,
  `weid` int(11) DEFAULT '0',
  `user` tinyint(1) DEFAULT '0' COMMENT '用户类型0微信用户1独立用户',
  `reg` tinyint(1) DEFAULT '0' COMMENT '是否允许注册0禁止注册1允许注册',
  `bind` tinyint(1) DEFAULT '0' COMMENT '是否绑定',
  `regcontent` text COMMENT '注册提示',
  `ordertype` tinyint(1) DEFAULT '0' COMMENT '预定类型0电话预定1电话和网络预订',
  `is_unify` tinyint(1) DEFAULT '0' COMMENT '0使用各分店电话,1使用统一电话',
  `tel` varchar(20) DEFAULT '' COMMENT '统一电话',
  `email` varchar(255) NOT NULL DEFAULT '' COMMENT '提醒接受邮箱',
  `mobile` varchar(32) NOT NULL DEFAULT '' COMMENT '提醒接受手机',
  `template` varchar(32) DEFAULT NULL COMMENT '发送模板消息',
  `templateid` varchar(255) NOT NULL,
  `paytype1` tinyint(1) DEFAULT '0',
  `paytype2` tinyint(1) DEFAULT '0',
  `paytype3` tinyint(1) DEFAULT '0',
  `version` tinyint(1) NOT NULL DEFAULT '0' COMMENT '0单酒店版1多酒店版',
  `location_p` varchar(50) DEFAULT '',
  `location_c` varchar(50) DEFAULT '',
  `location_a` varchar(50) DEFAULT '',
  `smscode` int(3) NOT NULL DEFAULT '0',
  `refund` int(3) NOT NULL DEFAULT '0',
  `refuse_templateid` varchar(255) NOT NULL DEFAULT '' COMMENT '提醒接受邮箱',
  `confirm_templateid` varchar(255) NOT NULL DEFAULT '' COMMENT '提醒接受邮箱',
  `check_in_templateid` varchar(255) NOT NULL DEFAULT '' COMMENT '酒店已入住通知模板id',
  `finish_templateid` varchar(255) NOT NULL DEFAULT '' COMMENT '酒店订单完成通知模板id',
  `nickname` varchar(20) NOT NULL COMMENT '提醒接收微信',
  `extend_switch` varchar(400) NOT NULL COMMENT '扩展开关',
  `source` tinyint(4) NOT NULL DEFAULT '2' COMMENT '卡券类型，1为系统卡券，2为微信卡券',
  PRIMARY KEY (`id`)
) ENGINE=MyISAM DEFAULT CHARSET=utf8 ROW_FORMAT=DYNAMIC;
CREATE TABLE IF NOT EXISTS `ims_storex_sign_record` (
  `id` int(10) unsigned NOT NULL AUTO_INCREMENT,
  `uniacid` int(10) unsigned NOT NULL DEFAULT '0',
  `uid` int(10) unsigned NOT NULL DEFAULT '0',
  `credit` int(10) unsigned NOT NULL DEFAULT '0',
  `is_grant` tinyint(3) unsigned NOT NULL DEFAULT '0',
  `addtime` int(10) unsigned NOT NULL DEFAULT '0',
  `year` smallint(4) NOT NULL COMMENT '签到的年',
  `month` smallint(2) NOT NULL COMMENT '签到的月',
  `day` smallint(2) NOT NULL COMMENT '签到的日',
  `remedy` tinyint(2) NOT NULL COMMENT '是否是补签 1 是补签,2 是额外',
  PRIMARY KEY (`id`),
  KEY `uniacid` (`uniacid`),
  KEY `uid` (`uid`)
) ENGINE=InnoDB DEFAULT CHARSET=utf8;
CREATE TABLE IF NOT EXISTS `ims_storex_sign_set` (
  `id` int(10) unsigned NOT NULL AUTO_INCREMENT,
  `uniacid` int(10) unsigned NOT NULL DEFAULT '0',
  `sign` varchar(1000) NOT NULL,
  `share` varchar(500) NOT NULL,
  `content` text NOT NULL,
  PRIMARY KEY (`id`),
  KEY `uniacid` (`uniacid`)
) ENGINE=InnoDB DEFAULT CHARSET=utf8;
CREATE TABLE IF NOT EXISTS `ims_storex_users_permission` (
  `id` int(10) unsigned NOT NULL AUTO_INCREMENT,
  `uniacid` int(10) unsigned NOT NULL,
  `uid` int(10) unsigned NOT NULL,
  `type` varchar(30) NOT NULL,
  `permission` varchar(10000) NOT NULL,
  `url` varchar(255) NOT NULL,
  PRIMARY KEY (`id`)
) ENGINE=InnoDB DEFAULT CHARSET=utf8;
]]></install>
	<uninstall><![CDATA[DROP TABLE IF EXISTS `ims_storex_activity_clerk_menu`;
DROP TABLE IF EXISTS `ims_storex_activity_clerks`;
DROP TABLE IF EXISTS `ims_storex_activity_exchange`;
DROP TABLE IF EXISTS `ims_storex_activity_stores`;
DROP TABLE IF EXISTS `ims_storex_bases`;
DROP TABLE IF EXISTS `ims_storex_brand`;
DROP TABLE IF EXISTS `ims_storex_business`;
DROP TABLE IF EXISTS `ims_storex_categorys`;
DROP TABLE IF EXISTS `ims_storex_clerk`;
DROP TABLE IF EXISTS `ims_storex_code`;
DROP TABLE IF EXISTS `ims_storex_comment`;
DROP TABLE IF EXISTS `ims_storex_comment_clerk`;
DROP TABLE IF EXISTS `ims_storex_coupon`;
DROP TABLE IF EXISTS `ims_storex_coupon_activity`;
DROP TABLE IF EXISTS `ims_storex_coupon_record`;
DROP TABLE IF EXISTS `ims_storex_coupon_store`;
DROP TABLE IF EXISTS `ims_storex_goods`;
DROP TABLE IF EXISTS `ims_storex_hotel`;
DROP TABLE IF EXISTS `ims_storex_mc_card`;
DROP TABLE IF EXISTS `ims_storex_mc_card_members`;
DROP TABLE IF EXISTS `ims_storex_mc_card_record`;
DROP TABLE IF EXISTS `ims_storex_mc_member_property`;
DROP TABLE IF EXISTS `ims_storex_member`;
DROP TABLE IF EXISTS `ims_storex_notices`;
DROP TABLE IF EXISTS `ims_storex_notices_unread`;
DROP TABLE IF EXISTS `ims_storex_order`;
DROP TABLE IF EXISTS `ims_storex_paycenter_order`;
DROP TABLE IF EXISTS `ims_storex_reply`;
DROP TABLE IF EXISTS `ims_storex_room`;
DROP TABLE IF EXISTS `ims_storex_room_price`;
DROP TABLE IF EXISTS `ims_storex_set`;
DROP TABLE IF EXISTS `ims_storex_sign_record`;
DROP TABLE IF EXISTS `ims_storex_sign_set`;
DROP TABLE IF EXISTS `ims_storex_users_permission`;
]]></uninstall>
	<upgrade><![CDATA[upgrade.php]]></upgrade>
</manifest>